id,image_url
277821906,https://salt.tikicdn.com/cache/280x280/ts/product/0c/77/65/ffedcd9517db730294617dccd12f7a4c.jpg
276440258,https://salt.tikicdn.com/cache/280x280/ts/product/9d/82/ed/3a840f0ed317862fe5e8626311aed2bd.jpg
276238012,https://salt.tikicdn.com/cache/280x280/ts/product/4d/73/33/43295f8a54a6b82010ab1cd1e774fd30.jpg
276121882,https://salt.tikicdn.com/cache/280x280/ts/product/94/fc/d0/787c5267d289c9cb81452123cc5c2e3c.jpg
276018795,https://salt.tikicdn.com/cache/280x280/media/catalog/producttmp/13/86/4b/2968e8eed58e7f1018e0e02b147d41fd.jpg
275925189,https://salt.tikicdn.com/cache/280x280/ts/product/3d/76/0e/f6b9c52093f1d947c1beace5c23fac7b.jpg
275598585,https://salt.tikicdn.com/cache/280x280/ts/product/10/55/7a/1cdb336270ca46321f11d46841e0bc04.png
275511640,https://salt.tikicdn.com/cache/280x280/ts/product/1c/9c/02/a2550cf373abc1c5ae071a333be9447c.jpg
275263278,https://salt.tikicdn.com/cache/280x280/ts/product/6d/04/d3/d57b23c595075ed41a359051ecb21119.png
275224176,https://salt.tikicdn.com/cache/280x280/ts/product/17/6a/74/2f482499ff9898b49dd6c0fc79794bca.png
275058873,https://salt.tikicdn.com/cache/280x280/media/catalog/producttmp/f5/79/36/9224e672d17dba59cd4ebba4f7ed7010.jpg
274415047,https://salt.tikicdn.com/cache/280x280/ts/product/80/71/6a/51a00b6c13cf5e6f48821fd39287400d.png
274067031,https://salt.tikicdn.com/cache/280x280/ts/product/b1/d0/b0/fbd140c31e4368c30102c8f76496a96b.jpg
273619945,https://salt.tikicdn.com/cache/280x280/ts/product/ce/8a/99/9609aec9e769a208b211ac2ddb3fd59a.jpg
273604765,https://salt.tikicdn.com/cache/280x280/ts/product/a6/36/91/888bf3d019623ee0ddc1d2fe1f4c2d87.jpg
270102591,https://salt.tikicdn.com/cache/280x280/ts/product/9f/be/72/5d95c5fd1a73b499a9772b5bc5bebded.jpg
247316420,https://salt.tikicdn.com/cache/280x280/ts/product/5e/31/d7/b6f1a26f36f5ac7e7a15ab2c6ce200b2.png
191918103,https://salt.tikicdn.com/cache/280x280/media/catalog/producttmp/e9/74/c3/092ee9230e9a6a1a1e28646486327f47.jpg
190989483,https://salt.tikicdn.com/cache/280x280/ts/product/b9/2b/71/b2f5b841514f0ca21e986dca13489a16.png
176309243,https://salt.tikicdn.com/cache/280x280/ts/product/ec/f2/9e/4915be29d726115f644458fb942fa5a5.jpg
173636676,https://salt.tikicdn.com/cache/280x280/ts/product/bc/d8/bb/a221fe332cf1be12ee7869685c17e131.jpg
169362095,https://salt.tikicdn.com/cache/280x280/ts/product/5b/36/93/d190ec9c66735a8f231e62fc6dd7b601.jpg
158639945,https://salt.tikicdn.com/cache/280x280/ts/product/72/93/be/b565d078692089f8c2acaf27cc4fb98e.png
149349961,https://salt.tikicdn.com/cache/280x280/ts/product/86/35/f2/fc8550f75ce7c5f543e98857d59a68ae.jpg
134360863,https://salt.tikicdn.com/cache/280x280/ts/product/31/bd/9e/50a62870e32de538195211b684c8fcd8.png
120552065,https://salt.tikicdn.com/cache/280x280/ts/product/4f/e2/52/00b414ab63e5fda598a0599d2c98c04b.jpg
84886093,https://salt.tikicdn.com/cache/280x280/ts/product/de/31/92/652bedcfc66d71445bb9ae9c00072292.png
83412126,https://salt.tikicdn.com/cache/280x280/media/catalog/producttmp/c2/57/b1/538ef9737204599ef045a0c3338b318a.jpg
82875291,https://salt.tikicdn.com/cache/280x280/ts/product/d9/17/e0/c522971a3aad2d816552f230b20603db.jpg
81895232,https://salt.tikicdn.com/cache/280x280/ts/product/38/f5/39/62642dc2993b312f3dc5f51322e95471.jpg
73314056,https://salt.tikicdn.com/cache/280x280/ts/product/b7/d5/8f/856511580b6e6c1570f0a1ebd0d83d86.jpg
73124602,https://salt.tikicdn.com/cache/280x280/media/catalog/producttmp/19/49/d1/135b92226476181f78eda877f87ff39f.jpg
71178441,https://salt.tikicdn.com/cache/280x280/ts/product/27/d0/9e/9e3cb35aa2caa45bec8f7c9f745b5c43.jpg
58357614,https://salt.tikicdn.com/cache/280x280/ts/product/4e/22/61/53990c6bddec720f5f8e2b8cf186be86.png
57806524,https://salt.tikicdn.com/cache/280x280/ts/product/32/5b/70/0ccc86da7cf7fa5203fac43ffbe89bc6.jpg
46327991,https://salt.tikicdn.com/cache/280x280/ts/product/69/21/43/5266272570391341863147794f100312.jpg
17423771,https://salt.tikicdn.com/cache/280x280/ts/product/df/d1/34/b79014225ad89c4d76ddb6ebb6cb4c7c.png
6652303,https://salt.tikicdn.com/cache/280x280/ts/product/e0/64/d8/72194408e6718907f3ce367c71d7ae54.png
1399571,https://salt.tikicdn.com/cache/280x280/media/catalog/producttmp/c2/91/53/7ebc77186220efe7687954899e1653e9.jpg
892121,https://salt.tikicdn.com/cache/280x280/ts/product/6d/49/5c/a2aaba00533b619cce9df109aca8d5f7.png
277451259,https://salt.tikicdn.com/cache/280x280/ts/product/29/12/8b/e4c02f381f3ddf1d81c254d0c1fb2aa8.jpg
277450716,https://salt.tikicdn.com/cache/280x280/ts/product/22/29/f3/48ed10591758f1d2412204bc88fffb1f.jpg
276847009,https://salt.tikicdn.com/cache/280x280/ts/product/34/9e/69/49a6f6b2f53b5121ef2348e263ead683.jpg
276504239,https://salt.tikicdn.com/cache/280x280/ts/product/bc/40/58/fd3062b3cfd6defb567346dab22d3aef.jpg
276452619,https://salt.tikicdn.com/cache/280x280/ts/product/2c/ed/a4/d9adbaef6d6bf629ce4664ee8537db4c.jpg
276451620,https://salt.tikicdn.com/cache/280x280/ts/product/18/87/e7/dab5b05c1ae4c7695b2bb41ecda9c1a8.jpg
276436953,https://salt.tikicdn.com/cache/280x280/ts/product/14/d6/22/086efaed883b92e56d99e70351dd3129.jpg
276436844,https://salt.tikicdn.com/cache/280x280/ts/product/fa/7f/38/ba2d04ec84ddea19d5f95707c171188a.jpg
275878726,https://salt.tikicdn.com/cache/280x280/ts/product/af/04/72/eb42d9ba6559f2647a41002eaee14c80.jpg
275867929,https://salt.tikicdn.com/cache/280x280/ts/product/41/8d/c1/2e97e070e79f78383c92220c48708bc0.jpg
275432223,https://salt.tikicdn.com/cache/280x280/ts/product/07/fb/4b/12efa928c45022abf0f3fa00c39a2e12.jpg
275425033,https://salt.tikicdn.com/cache/280x280/ts/product/86/04/56/12f1897bdd644bfc57c32b955b7bc817.jpg
275405718,https://salt.tikicdn.com/cache/280x280/ts/product/18/24/83/f48c1ec6ba1ca8fe756513de213172e6.jpg
275219558,https://salt.tikicdn.com/cache/280x280/ts/product/f0/ba/80/1092c0824496e702c6836f10b012d251.jpg
275129364,https://salt.tikicdn.com/cache/280x280/ts/product/5d/fa/7e/16d5ceda0527341dda5da8826841389a.jpg
275079966,https://salt.tikicdn.com/cache/280x280/ts/product/96/e5/70/15a8ca2a098c583f8a651b6526e20e46.jpg
274993778,https://salt.tikicdn.com/cache/280x280/ts/product/74/5b/1a/d3327df986f5c0d3864033f9f7c73242.jpg
274828550,https://salt.tikicdn.com/cache/280x280/ts/product/8c/4e/50/2d5611f5cb1c309a793850834bbb862f.jpg
274764844,https://salt.tikicdn.com/cache/280x280/ts/product/72/b0/13/03756f67478859a44c40b81d910d2d3e.jpg
274597284,https://salt.tikicdn.com/cache/280x280/ts/product/33/81/c6/673440ed10e97055b9a7fd719804309c.jpg
274578267,https://salt.tikicdn.com/cache/280x280/ts/product/fb/a4/7b/0a9b5fc14e3f68be096f7447ec945a01.jpg
274248452,https://salt.tikicdn.com/cache/280x280/ts/product/d9/c7/21/a9b4d19a748351f771b4d0f44a8126a5.jpg
274045805,https://salt.tikicdn.com/cache/280x280/ts/product/e3/96/ef/f9fff90bdbe74661e341df9c4dc7ef9f.png
273979410,https://salt.tikicdn.com/cache/280x280/ts/product/28/f6/43/c37a2cf1b795d332d11b06871ddde09c.png
272638497,https://salt.tikicdn.com/cache/280x280/ts/product/f7/28/97/3221a7d7b9801f0b1c692098f2d949ed.jpg
207005253,https://salt.tikicdn.com/cache/280x280/ts/product/ec/a0/f1/e76450265e594e2213313abaaa8a4efc.png
186558014,https://salt.tikicdn.com/cache/280x280/ts/product/aa/18/2e/56fc8add0dea8258be86c836a5e675dd.jpg
177679445,https://salt.tikicdn.com/cache/280x280/ts/product/84/ea/63/303210b99caa04b240c9917ab3ac8093.png
141971329,https://salt.tikicdn.com/cache/280x280/ts/product/ab/93/d9/cc8870e6505a60dd22be66729f20f88e.jpg
120338124,https://salt.tikicdn.com/cache/280x280/ts/product/16/5c/68/05c11bddf95c8f9650cdd46bab2b6d14.jpg
80417240,https://salt.tikicdn.com/cache/280x280/ts/product/b8/08/ff/765e7cd38e4ecce2b807fba2a6ce53a7.jpg
77448059,https://salt.tikicdn.com/cache/280x280/ts/product/da/47/30/71c76402a57ee4140e64a6b5e3aa509a.jpg
70825693,https://salt.tikicdn.com/cache/280x280/ts/product/5c/5f/1a/e507461dfa1e6e115fd70698a87f02fd.jpg
67980198,https://salt.tikicdn.com/cache/280x280/ts/product/d4/d1/cf/f76e4d6f87e828433659533c5caf8c72.JPG
59412424,https://salt.tikicdn.com/cache/280x280/ts/product/b8/97/fc/b3a4dc9438edac77087b5d97265b0275.jpg
52301339,https://salt.tikicdn.com/cache/280x280/ts/product/9a/ee/b5/387a252cc6065fd828a9c486710bfab1.jpg
50256636,https://salt.tikicdn.com/cache/280x280/ts/product/14/80/7e/e78da31c738e3d806ec4e5c87e9a8ea5.jpg
45404047,https://salt.tikicdn.com/cache/280x280/ts/product/89/f2/f6/489bd80583fcc1cad8b236adcb565d1e.jpg
35912717,https://salt.tikicdn.com/cache/280x280/ts/product/d7/fe/b1/800060079f8cb5fec3e1064d773dcbe9.jpg
4298679,https://salt.tikicdn.com/cache/280x280/ts/product/82/d6/75/3fea96aeb54e2595a3cba33d29fc6bd2.jpg
277571452,https://salt.tikicdn.com/cache/280x280/ts/product/f4/6c/54/b8f04fa47003f7f0fd85139c7209a635.jpg
277378901,https://salt.tikicdn.com/cache/280x280/ts/product/2a/33/fd/38eb5518a7b443b50c2dd97bcb6525c6.jpg
276964772,https://salt.tikicdn.com/cache/280x280/ts/product/83/7e/ff/93a23d59b81b3b4281cc37da24ad8128.jpg
276801072,https://salt.tikicdn.com/cache/280x280/ts/product/70/08/93/c7d991d02ea3332c4c3ce720852d1b3b.jpg
276022137,https://salt.tikicdn.com/cache/280x280/ts/product/54/b6/6f/a586fe76b169597f8c07fa548f8f51bd.jpg
275869950,https://salt.tikicdn.com/cache/280x280/ts/product/a6/4a/1d/f675981b995906068fa53d53ef649154.jpg
275824896,https://salt.tikicdn.com/cache/280x280/ts/product/60/c6/57/a3861591e77dd866e88ab61e300dc022.jpg
275670850,https://salt.tikicdn.com/cache/280x280/ts/product/dc/c3/98/83aaa5c19b900ae515b2bb3d1a869316.jpg
275570245,https://salt.tikicdn.com/cache/280x280/ts/product/ff/e6/90/cda635b4bb65ce6f1efe2bdbb3a8591f.jpg
275500037,https://salt.tikicdn.com/cache/280x280/ts/product/1a/42/ce/6b6d35b1e7dee3d7a3e8f48716462b26.jpg
275367488,https://salt.tikicdn.com/cache/280x280/ts/product/53/11/b9/2a4aeafada1a1ef921939d8e4cb9b905.png
275189108,https://salt.tikicdn.com/cache/280x280/ts/product/3e/15/a0/3bc86f3b2cc893e67ef1310f0ea27e3f.png
274368618,https://salt.tikicdn.com/cache/280x280/ts/product/8e/6f/a0/14c17425557d829a7ea0b016a8b83607.jpg
273901280,https://salt.tikicdn.com/cache/280x280/ts/product/b3/22/fb/32a68bd3868deafdbb92d8c7a1ddb63c.png
273805270,https://salt.tikicdn.com/cache/280x280/ts/product/ae/71/45/11eaecaf7930a3e232a2c9e68579d734.jpg
273671453,https://salt.tikicdn.com/cache/280x280/ts/product/c8/ee/fb/209907e9ea11f051b58b769be2990876.jpg
273661034,https://salt.tikicdn.com/cache/280x280/ts/product/33/37/f7/62e2ecbc614ae9c5c0f641d44b298b80.jpg
273244983,https://salt.tikicdn.com/cache/280x280/ts/product/db/3b/4e/d0d229219f930a5fbc5969ef6a5d0e0b.jpg
262087533,https://salt.tikicdn.com/cache/280x280/ts/product/11/75/3b/1f4bb806354ea5b264363750847b7941.jpg
205291987,https://salt.tikicdn.com/cache/280x280/ts/product/3b/91/4d/ec8126c4883921d25f66033c920c0388.jpg
201040328,https://salt.tikicdn.com/cache/280x280/media/catalog/producttmp/16/54/58/29ebbeaf7f85f309c0afbf937c394971.jpg
196362415,https://salt.tikicdn.com/cache/280x280/ts/product/6a/32/ac/f0f2e8c1b46c361f6d9f43a0a34b5d86.jpg
191775375,https://salt.tikicdn.com/cache/280x280/ts/product/c6/55/9f/4d786f5d49ad7db6240023e4aa6a2fd0.png
190791221,https://salt.tikicdn.com/cache/280x280/ts/product/3b/08/10/9eeac1fd7075f731ce00fbd81ad72ecc.jpg
187829576,https://salt.tikicdn.com/cache/280x280/ts/product/49/dd/62/83c6cbaa3fc2385f2948afa7e8365f55.jpg
177081696,https://salt.tikicdn.com/cache/280x280/ts/product/66/f8/f9/3731cfe23ef045c26bc565081bfee7fc.jpg
151462143,https://salt.tikicdn.com/cache/280x280/ts/product/35/69/49/5a4c368c2dd4ee99ed309e2ef7cc8bfb.jpg
148810239,https://salt.tikicdn.com/cache/280x280/ts/product/e0/8c/80/2e089a85f2993b4d75458f84ed2f537b.jpg
144203362,https://salt.tikicdn.com/cache/280x280/media/catalog/producttmp/0c/9d/1d/72d41939101d976914b7650bbd673aa2.jpg
125739804,https://salt.tikicdn.com/cache/280x280/ts/product/12/70/5d/0bd28fef9f0c619d698fb11efdaa9c05.png
85029640,https://salt.tikicdn.com/cache/280x280/ts/product/de/82/f5/d174222b02cc5bef360028055e154bf1.jpg
71342375,https://salt.tikicdn.com/cache/280x280/ts/product/6a/ba/98/a14804d88b86a641255ed930ec98cf5d.jpg
67937873,https://salt.tikicdn.com/cache/280x280/ts/product/8b/bb/d1/835147ce0ea7cae8b6b9546768cfbdae.jpg
54133235,https://salt.tikicdn.com/cache/280x280/ts/product/8a/f9/54/edf93195acbd28b4f97c0d47aba02a40.png
51373821,https://salt.tikicdn.com/cache/280x280/ts/product/f8/c0/35/82a58783c51f499bada5eead904c6c23.jpg
31672125,https://salt.tikicdn.com/cache/280x280/ts/product/43/55/82/19445165159d9e6b92a323bda19fac43.jpg
14639229,https://salt.tikicdn.com/cache/280x280/ts/product/8d/a1/66/c5ce73b02c3d7e41a3a85b02ff08bcbc.png
14526627,https://salt.tikicdn.com/cache/280x280/ts/product/7c/78/c5/b3945f2c5ab1f951d6cd091b60b8a1c6.png
2119169,https://salt.tikicdn.com/cache/280x280/media/catalog/producttmp/70/a3/63/324df027c4cc2b1bc87700b367e1721b.jpg
718889,https://salt.tikicdn.com/cache/280x280/ts/product/e4/d5/55/1040fef6c0eec8f64f1980c429b07ab9.jpg
277410995,https://salt.tikicdn.com/cache/280x280/ts/product/50/89/3f/532d015b177d79f9d336c163e1e0475a.jpg
276328451,https://salt.tikicdn.com/cache/280x280/ts/product/22/9c/fd/1c6f77242da2d988130474637cae20be.jpg
276296831,https://salt.tikicdn.com/cache/280x280/ts/product/dd/85/d4/a95b6a344302d7da46f4bba788025f60.jpg
276025118,https://salt.tikicdn.com/cache/280x280/ts/product/89/56/df/99084488a9605708fff9154d5163ef32.jpg
275570184,https://salt.tikicdn.com/cache/280x280/ts/product/58/47/d9/6e389e25a44fbbb46d379fdf0264098b.png
275213424,https://salt.tikicdn.com/cache/280x280/ts/product/4c/b3/94/1d5fc0ac794642e0dc7660b66113e551.png
275090381,https://salt.tikicdn.com/cache/280x280/ts/product/99/9b/31/203a4f5ec1e9fe1cf9e5f9db2baf0cff.jpg
274848186,https://salt.tikicdn.com/cache/280x280/ts/product/ba/ce/9c/18caabdf3857f8f3e8fb26a21cf3e407.png
273787401,https://salt.tikicdn.com/cache/280x280/ts/product/97/0e/a9/369d0428efe0ca4d815c6bc2182bfb6c.jpg
272417057,https://salt.tikicdn.com/cache/280x280/ts/product/7e/2f/ed/a01875c8b0dc45794f2667ff95393605.jpg
272411943,https://salt.tikicdn.com/cache/280x280/ts/product/2c/41/54/b7d3d8acdcfa218a1180dfc271272788.png
263239696,https://salt.tikicdn.com/cache/280x280/ts/product/5b/da/1e/0603d2b085b4f19f57c0cb2200ce22b1.jpg
262300577,https://salt.tikicdn.com/cache/280x280/ts/product/52/22/d7/9dd6a991798ffeacef2afc5f87b71d9d.jpg
248420700,https://salt.tikicdn.com/cache/280x280/ts/product/51/bb/62/25893eac1a6b798ea560930b5ae1d355.jpg
223727594,https://salt.tikicdn.com/cache/280x280/ts/product/94/d4/12/68399857dc16770bb4ffaada11178e6e.jpg
201566005,https://salt.tikicdn.com/cache/280x280/media/catalog/producttmp/ed/98/96/2d5326e748a2fe9b4439803040ad36f2.jpg
198462390,https://salt.tikicdn.com/cache/280x280/ts/product/32/7c/d4/8219932d9a97261c0ea9fc53ee094dc2.png
195967978,https://salt.tikicdn.com/cache/280x280/ts/product/11/c0/b0/92acbe44ac54add52ae1a7dd3f084245.png
194818369,https://salt.tikicdn.com/cache/280x280/ts/product/99/1b/eb/691ac1580202f2ffccd8c03e19f7c821.png
191506484,https://salt.tikicdn.com/cache/280x280/ts/product/c8/2e/f1/591c02ec46360a560a247c9654a124c0.jpg
190989561,https://salt.tikicdn.com/cache/280x280/ts/product/c8/79/a2/fe4eb9d436e0025732fc48c77941d484.png
186256010,https://salt.tikicdn.com/cache/280x280/ts/product/8a/cb/a1/4993e544bf9fb96c177d100609c3cde9.jpg
186142362,https://salt.tikicdn.com/cache/280x280/ts/product/84/09/58/8923e5a941a1537c26cfd40a023ca825.jpg
185653590,https://salt.tikicdn.com/cache/280x280/ts/product/30/27/90/1226b636272a0629a2e048c4e49bc56d.jpeg
162405563,https://salt.tikicdn.com/cache/280x280/ts/product/33/f3/40/0fb55d8940049edabd0a948dd170e3c8.jpg
152446878,https://salt.tikicdn.com/cache/280x280/ts/product/41/d7/1f/4b8d63b3613591eea42e92d4e2e4c6da.jpg
140953145,https://salt.tikicdn.com/cache/280x280/ts/product/67/49/26/7d4fc5d0ac4c87300719ed927371acda.png
118210422,https://salt.tikicdn.com/cache/280x280/ts/product/e8/8b/28/f40a05542c95b3307853ec8cad5e6259.jpg
74986804,https://salt.tikicdn.com/cache/280x280/ts/product/17/0b/20/d868d9b31b9d2303fe3910ad1eaf23f4.jpg
71890908,https://salt.tikicdn.com/cache/280x280/ts/product/76/9d/74/dbeb4e29556d9efeaf86e2b2e54db741.png
70820849,https://salt.tikicdn.com/cache/280x280/ts/product/c8/0f/cb/9ba31eeeb597400d027878311a8ce3a2.jpg
69240971,https://salt.tikicdn.com/cache/280x280/ts/product/52/e8/36/ddeabf587a7894a4525b2c97ed35ba11.JPG
68413077,https://salt.tikicdn.com/cache/280x280/ts/product/58/7e/88/aceb1936f2368c13576ee1ce58f76474.jpg
59259444,https://salt.tikicdn.com/cache/280x280/ts/product/0d/f3/24/3751d22584346a92cf7072f67c38017f.jpg
56383693,https://salt.tikicdn.com/cache/280x280/ts/product/04/0a/55/cb85e83695284ed049d29554377e6e09.jpg
49865603,https://salt.tikicdn.com/cache/280x280/ts/product/b3/1e/7f/ce3b465062d42985f80be66312db1bf4.jpg
45815376,https://salt.tikicdn.com/cache/280x280/ts/product/f1/58/d1/eb24076e6340d8feb28c8ff1110418eb.jpg
45300792,https://salt.tikicdn.com/cache/280x280/ts/product/80/39/5b/5d3d93048a0bccd9ce2cc53e4ec8c4ef.jpg
1400785,https://salt.tikicdn.com/cache/280x280/media/catalog/producttmp/bc/aa/d4/61f43fc1929a9e908cc9b74a377b97c2.jpg
892141,https://salt.tikicdn.com/cache/280x280/ts/product/6a/29/69/2f34bdc649f306830388d184e2875387.jpg
277448944,https://salt.tikicdn.com/cache/280x280/ts/product/6b/24/d0/c10cfed8d4c89d6f97d32befa08fdc7c.png
277306388,https://salt.tikicdn.com/cache/280x280/ts/product/cd/38/0d/93a9d45a2b180b1e27777c327ec4950a.jpg
276933675,https://salt.tikicdn.com/cache/280x280/ts/product/75/ce/f6/204b006ace4864790eab43c89c4b4825.jpeg
275451443,https://salt.tikicdn.com/cache/280x280/ts/product/f0/8c/2a/71d1eac21d9e4ce6198183cb9e927d75.jpg
275427593,https://salt.tikicdn.com/cache/280x280/ts/product/17/73/da/e27b187ec970cddaf74ffd86434cca6c.jpg
275228880,https://salt.tikicdn.com/cache/280x280/ts/product/62/ae/e2/ff959c5015afbcdb1b0085facfc841ba.jpg
275219406,https://salt.tikicdn.com/cache/280x280/ts/product/4a/77/21/9b79f62bc316306f82ce73d3f6783e35.jpg
275195787,https://salt.tikicdn.com/cache/280x280/ts/product/84/22/60/53821d8d1c6b9001d21d790edae5a44f.jpg
274841797,https://salt.tikicdn.com/cache/280x280/ts/product/8c/c6/e6/2050776d0bfea8fe3f18d1ee10be083f.jpeg
274798475,https://salt.tikicdn.com/cache/280x280/ts/product/2a/b6/77/976e5770a6d9512da0a6dbc8c01f474c.png
274371739,https://salt.tikicdn.com/cache/280x280/ts/product/ca/7f/7c/054a07c5cca25960a9ac658dd992a00f.jpg
274067035,https://salt.tikicdn.com/cache/280x280/ts/product/ed/c2/de/f5092ab303b4b13abd0d0c018650234a.png
273295110,https://salt.tikicdn.com/cache/280x280/ts/product/72/58/92/d675f9e537388f67271dcdfaeb78d248.jpg
272913561,https://salt.tikicdn.com/cache/280x280/ts/product/14/a8/fd/4150d4faec9b4ce5482c6442a325f35e.png
272639442,https://salt.tikicdn.com/cache/280x280/ts/product/51/d6/0d/5c9707a698a1f9af1329484eb5fc5c73.jpg
272484433,https://salt.tikicdn.com/cache/280x280/ts/product/f0/13/50/6cf513495829438e309d9323dafaab63.jpg
272277413,https://salt.tikicdn.com/cache/280x280/ts/product/03/1c/87/061ef2e782d831afcbce684549013ed4.png
247298318,https://salt.tikicdn.com/cache/280x280/ts/product/42/b3/5a/cdabb711c02469a49871701524d21fa6.jpg
226036798,https://salt.tikicdn.com/cache/280x280/ts/product/31/0a/3f/e51f84cad4f083fcdd38d0aeefcad133.jpg
217695866,https://salt.tikicdn.com/cache/280x280/ts/product/f0/1d/cf/3d165ff356718efc366e5ccdc5761774.jpg
198295325,https://salt.tikicdn.com/cache/280x280/ts/product/c6/15/a1/f71944e4a871205d3b3703d07ea95d87.jpg
197100086,https://salt.tikicdn.com/cache/280x280/ts/product/ce/72/3a/4333684ee3c28411a7b3f557ea2f3660.jpg
195111061,https://salt.tikicdn.com/cache/280x280/ts/product/e1/29/21/452477e30a8dcf24b7f1e742403a62c3.jpg
194131937,https://salt.tikicdn.com/cache/280x280/ts/product/09/a4/5c/0cb67f24774d02d4db1d3933e180445e.jpg
191918107,https://salt.tikicdn.com/cache/280x280/media/catalog/producttmp/44/bb/30/0ac768c19a1440a20d35d1959e7fe6b7.jpg
191136118,https://salt.tikicdn.com/cache/280x280/ts/product/5a/95/44/3c8560c87bd2b13037b5e0006825879e.jpg
190755138,https://salt.tikicdn.com/cache/280x280/ts/product/7a/f0/71/d7226743a227af5ce398ad719c341238.jpg
190553620,https://salt.tikicdn.com/cache/280x280/ts/product/de/18/bc/8ba22cd9b964148583cb99a5d009fe12.jpg
189491905,https://salt.tikicdn.com/cache/280x280/ts/product/dd/2c/6f/effc8e9edec7be9c90f68b86d9ea9093.jpg
180378151,https://salt.tikicdn.com/cache/280x280/ts/product/64/10/54/cad24abb56977a95decfe87bbc13abfb.jpg
142264591,https://salt.tikicdn.com/cache/280x280/ts/product/31/db/9b/54015ddc54c9a7cce672b0c7f91746be.jpg
120166109,https://salt.tikicdn.com/cache/280x280/ts/product/6f/06/34/6fa85d5dbfd6ef223d5710bea1bdd35d.png
116905689,https://salt.tikicdn.com/cache/280x280/ts/product/be/a1/3b/62a386a6eea0e336a975dac4633cae38.jpg
101995256,https://salt.tikicdn.com/cache/280x280/ts/product/42/fd/63/05ad44cf607cb0dfbfc13aef55c819c9.jpg
74695680,https://salt.tikicdn.com/cache/280x280/ts/product/4e/a1/6f/eca73acd3deaa4e15a23da9882229efd.jpg
73638934,https://salt.tikicdn.com/cache/280x280/ts/product/44/d3/32/86e33c18ae32cbe726cf8cb305043288.jpg
55427978,https://salt.tikicdn.com/cache/280x280/ts/product/e8/c5/08/8b6f614250739c3a8da3a8061de9cce5.jpg
50701305,https://salt.tikicdn.com/cache/280x280/ts/product/2e/a4/ec/c297f1b08693ebf0fef3b0ed0a0f6b36.png
31541799,https://salt.tikicdn.com/cache/280x280/ts/product/a0/4c/09/f2d62f4eb84b28cbc0cae369092d84ca.png
7957749,https://salt.tikicdn.com/cache/280x280/ts/product/e4/a3/0b/8b6a0ddf6234f461597c1f4c3825e066.jpg
277361238,https://salt.tikicdn.com/cache/280x280/ts/product/6b/b7/4c/8b3b7aeaced60696fbe4d163b128fb67.jpg
276155089,https://salt.tikicdn.com/cache/280x280/ts/product/54/dd/ba/3d0919c8a4dab9d7cf82c0aea1a84148.jpg
275425903,https://salt.tikicdn.com/cache/280x280/ts/product/c3/f2/8d/0971739b5168e713e4fb675ca5194475.jpg
275219457,https://salt.tikicdn.com/cache/280x280/ts/product/d1/37/1b/b6c6152a027d7933d32862e0d14a27be.jpg
274967167,https://salt.tikicdn.com/cache/280x280/ts/product/7b/35/be/b976db68fdefd0d734b6acfc549cc4d8.jpg
274965041,https://salt.tikicdn.com/cache/280x280/ts/product/70/0a/65/01920b8b762dcbc99b6bcce52b171df2.png
274054379,https://salt.tikicdn.com/cache/280x280/media/catalog/producttmp/b6/2b/ec/df4b9b358bcad0d505da416a7c352740.jpg
273979067,https://salt.tikicdn.com/cache/280x280/ts/product/a5/be/e7/202edcbc46cbbb6d055afefbdddd8efb.jpg
273680022,https://salt.tikicdn.com/cache/280x280/ts/product/d0/11/26/78e7c9e27acf9d7e1f6af96e8e6fa1cb.jpg
273672038,https://salt.tikicdn.com/cache/280x280/media/catalog/producttmp/aa/d6/7d/8a8ab35f191899fbf6f854e1fbf50450.jpg
273661002,https://salt.tikicdn.com/cache/280x280/ts/product/9d/c8/77/8782d597fad794e04ffaa50360d41fbc.jpg
273624233,https://salt.tikicdn.com/cache/280x280/media/catalog/producttmp/80/b9/75/829e0d96e6675f28dc46757a27120354.jpg
273546668,https://salt.tikicdn.com/cache/280x280/ts/product/09/8a/3d/9ce0f9acdd04953ad9b1f18369722264.jpg
272553617,https://salt.tikicdn.com/cache/280x280/ts/product/70/49/47/88ee877bc51ecbaae961f10426771259.jpg
271772791,https://salt.tikicdn.com/cache/280x280/ts/product/70/ba/aa/ca3a2797caf4fc2e466a388c57f30bc4.jpg
270212199,https://salt.tikicdn.com/cache/280x280/ts/product/96/f1/33/346c549065da3157dd8d77f3522b20a9.jpg
250017470,https://salt.tikicdn.com/cache/280x280/ts/product/23/ab/4f/8e0e8f3af2970eab1151cab6ef49160b.jpg
214497531,https://salt.tikicdn.com/cache/280x280/ts/product/81/e6/aa/2406da3a0d8c3ae7a099deb3f6641871.jpg
210458939,https://salt.tikicdn.com/cache/280x280/ts/product/26/73/fb/549ef35e04324c6b1f1ab3ed1c909f80.jpg
210276349,https://salt.tikicdn.com/cache/280x280/ts/product/1f/86/4c/f3f2e43db5955ff3a632b7a7744b1e65.png
207941719,https://salt.tikicdn.com/cache/280x280/media/catalog/producttmp/17/08/ed/27b2ba0f1f3f5f7ba963a1d1d88a568d.jpg
206502393,https://salt.tikicdn.com/cache/280x280/ts/product/f9/b2/5c/de120f5ce509b9318b7cfc6472345061.png
199945017,https://salt.tikicdn.com/cache/280x280/ts/product/b9/e5/3b/4a1f97d65f0ac5652bb1333f80cd9ac0.jpg
199727434,https://salt.tikicdn.com/cache/280x280/ts/product/21/58/8d/6c59ab6da12a96ff78847fe987b41875.jpg
192523772,https://salt.tikicdn.com/cache/280x280/ts/product/62/e4/ec/130765db181f164c4b611583edd8f657.jpg
186288399,https://salt.tikicdn.com/cache/280x280/ts/product/81/34/98/2faaac6e6c353d4842a384162c19f35d.jpg
152446804,https://salt.tikicdn.com/cache/280x280/ts/product/c9/be/8f/aa1a6ec5dd0de15f293c0b81c95b6d67.jpg
121396300,https://salt.tikicdn.com/cache/280x280/ts/product/51/b0/b1/cec45a39c141f8cf437b9e2eb4217fea.jpg
107336808,https://salt.tikicdn.com/cache/280x280/ts/product/48/f4/ca/c3ead4c690118a2cb7125fe1dc377740.jpg
99621372,https://salt.tikicdn.com/cache/280x280/ts/product/bb/3a/53/6fe862d780f7ca57a207b1e82ff980cb.jpg
85029571,https://salt.tikicdn.com/cache/280x280/ts/product/a1/3c/36/e8a1b16495410ce60a6a73c858cfb16c.jpg
76834277,https://salt.tikicdn.com/cache/280x280/ts/product/07/07/58/ebf9a7ccc641c2c7cbc855da9eb418ef.jpg
71924152,https://salt.tikicdn.com/cache/280x280/ts/product/33/dc/c7/bf3005cde958ce3f039bf341285b975e.jpg
54682452,https://salt.tikicdn.com/cache/280x280/ts/product/96/cd/06/2b8dd2f689b0e9aa78f9b8efb2de7954.png
53789448,https://salt.tikicdn.com/cache/280x280/ts/product/36/82/31/40994bfa1587bda48fc83ffa0bae5a6d.png
53583472,https://salt.tikicdn.com/cache/280x280/media/catalog/producttmp/14/17/ab/8133bc7e95d77dcc6d17f560304da462.jpg
43896673,https://salt.tikicdn.com/cache/280x280/ts/product/1c/26/2f/cd91cfe0f33f58974ed7348ca3ef4627.png
21202771,https://salt.tikicdn.com/cache/280x280/ts/product/72/be/bd/21efc19746c13d56b7f7f62bb858a06e.png
6923721,https://salt.tikicdn.com/cache/280x280/ts/product/cf/0e/29/0dd7ac15225b744334623575ba4e857c.jpg
2432307,https://salt.tikicdn.com/cache/280x280/ts/product/c3/59/e6/0acc838a4a85dcc5b16897ed4d5b93a8.jpg
277620082,https://salt.tikicdn.com/cache/280x280/ts/product/5d/d1/21/d3883fc979d09b277b8f17820aaa85c4.jpg
275986366,https://salt.tikicdn.com/cache/280x280/ts/product/41/72/30/30fb0819e19ff29015d60ba0f89f4ba4.jpg
275966163,https://salt.tikicdn.com/cache/280x280/ts/product/df/79/ae/0c84607810ffa48bb2ad92770145ab22.jpg
275570183,https://salt.tikicdn.com/cache/280x280/ts/product/37/b5/fe/305140da23c109ba80ef34eed7653b67.png
275451454,https://salt.tikicdn.com/cache/280x280/ts/product/48/96/0c/0f4a762f29882f833f423e2a50bc38ff.jpg
275426511,https://salt.tikicdn.com/cache/280x280/ts/product/7a/d8/bf/77690695ffb0d96d517b33db59813b05.png
275405659,https://salt.tikicdn.com/cache/280x280/ts/product/72/e6/c6/543e46a62f4ddff9853f083ea47558f3.jpg
275401784,https://salt.tikicdn.com/cache/280x280/ts/product/fa/99/48/ff1717fc6f0d95279b381af931fd9199.jpg
275271264,https://salt.tikicdn.com/cache/280x280/ts/product/ff/ba/7d/8115566a0ed471be56e6114043414174.png
275219472,https://salt.tikicdn.com/cache/280x280/ts/product/5d/b6/99/b10311522f45822e274b0f942531aac2.jpg
274758261,https://salt.tikicdn.com/cache/280x280/ts/product/59/57/b9/98605663d706bda4bb86fe8ef89cb8bb.JPEG
274558570,https://salt.tikicdn.com/cache/280x280/ts/product/20/cd/8f/e7162588287e7d61efae447b125ecbf1.jpg
274045670,https://salt.tikicdn.com/cache/280x280/ts/product/13/2e/68/fc395cece435fe4b1be3371870d9a742.png
273574477,https://salt.tikicdn.com/cache/280x280/ts/product/b4/66/82/4d2316a7476821a63832a48e1f19e9cd.jpg
273054404,https://salt.tikicdn.com/cache/280x280/ts/product/59/c7/03/3c3f186a9a56615c8d8e451d1147af19.jpg
271978704,https://salt.tikicdn.com/cache/280x280/ts/product/e6/e1/87/6e480205a34f90df1a9bfbca7ce68d05.jpg
271261509,https://salt.tikicdn.com/cache/280x280/ts/product/83/78/85/d42e0b2863e9a788c38e4eed54e371b5.jpg
205291681,https://salt.tikicdn.com/cache/280x280/ts/product/77/65/72/b86541c63fd582e9909eee2a041bb75c.jpg
199728521,https://salt.tikicdn.com/cache/280x280/ts/product/c3/b2/28/75f657efff241e42a0a46f09d98186e9.png
193213443,https://salt.tikicdn.com/cache/280x280/ts/product/2c/3f/59/3020d7098f20d657d280a7af3a10b793.jpg
189885572,https://salt.tikicdn.com/cache/280x280/ts/product/2c/ea/01/2e707e5c20f8e122d9da329c6d4482a8.jpg
184689674,https://salt.tikicdn.com/cache/280x280/ts/product/90/a6/75/491839c86159bfbf864bf016b76ad15b.png
176309303,https://salt.tikicdn.com/cache/280x280/ts/product/e0/d8/c9/fce503e218ae98fd259bef4af5978697.png
159765477,https://salt.tikicdn.com/cache/280x280/ts/product/2c/c9/ca/ae367470f9997da625465bc6db68c02d.jpg
153291977,https://salt.tikicdn.com/cache/280x280/ts/product/7f/d4/84/1e10fe5a5f21501ce46f6e2d6b09d41e.jpg
146262929,https://salt.tikicdn.com/cache/280x280/ts/product/88/4a/20/35c61b4a31dfca07c8ea36be166c68ed.jpg
134853381,https://salt.tikicdn.com/cache/280x280/ts/product/fd/7b/2c/8fa14f6b75eff7b9245d86bacd478107.jpg
130769103,https://salt.tikicdn.com/cache/280x280/ts/product/9a/2c/e4/24c3e7379891d5f1991a7361a6aac66a.png
116300329,https://salt.tikicdn.com/cache/280x280/ts/product/36/af/9d/c7e056ab3246d59a0d6db2603c70b6d2.jpeg
106911530,https://salt.tikicdn.com/cache/280x280/ts/product/84/90/d4/813a3205e7e0e8d1472d63453e5082c3.jpg
85908084,https://salt.tikicdn.com/cache/280x280/ts/product/64/08/6f/b08f3eb81e61105423ce7f233fe79dfa.png
68716605,https://salt.tikicdn.com/cache/280x280/ts/product/a1/3b/fe/d86bcc9e720ecd5380de33352227a7fa.jpeg
68600931,https://salt.tikicdn.com/cache/280x280/ts/product/bb/ee/9a/237c4e477076653ab0f6b685966ab698.jpg
62469165,https://salt.tikicdn.com/cache/280x280/ts/product/19/a1/6a/b42b69f187767f42ac0210c8fa618a94.jpg
57867023,https://salt.tikicdn.com/cache/280x280/ts/product/a7/95/24/9e3b9498b44a189d0cee7dfaac01428a.jpg
37929600,https://salt.tikicdn.com/cache/280x280/ts/product/33/49/76/90a845f813c5c568c6860cd420f2757a.jpg
28079716,https://salt.tikicdn.com/cache/280x280/ts/product/29/98/7a/ec9ae7dc91c78eb93ed693bf7d4765ba.jpg
14605513,https://salt.tikicdn.com/cache/280x280/ts/product/8d/a1/66/894cf254b088840ac66d1b935a676362.png
13729970,https://salt.tikicdn.com/cache/280x280/ts/product/f4/38/f5/1610dc5f506cc9b5e44c2376a3cfd828.png
2153235,https://salt.tikicdn.com/cache/280x280/media/catalog/producttmp/f8/c6/ae/93e5cacc9f33cb1caf5ec35fca730b57.jpg
277369298,https://salt.tikicdn.com/cache/280x280/ts/product/4d/03/d9/21053ab873802556d673988e8b56dfdf.png
277263939,https://salt.tikicdn.com/cache/280x280/ts/product/bb/bf/16/dd19297d35fcb5288cb7932a95f66184.jpg
276852487,https://salt.tikicdn.com/cache/280x280/ts/product/7b/0b/a7/fa212a02cf6b7e51a136184c2ca4fc44.jpg
276672495,https://salt.tikicdn.com/cache/280x280/ts/product/53/fa/be/f771b278cd72b6492ae3bf6c5061ea5f.jpg
276314483,https://salt.tikicdn.com/cache/280x280/ts/product/9d/03/df/6bd169525c869150c9d393a9935764d8.jpg
276274801,https://salt.tikicdn.com/cache/280x280/ts/product/33/f8/05/39b3801d3df11fb83d3b7c7408b3e394.jpg
275925720,https://salt.tikicdn.com/cache/280x280/ts/product/70/21/1c/6e50e1714c3b68d3ffa411d48d2ac2b8.png
275610465,https://salt.tikicdn.com/cache/280x280/ts/product/79/01/e2/97008bde73797dcb1dc282dc6512c8b4.jpg
275569536,https://salt.tikicdn.com/cache/280x280/ts/product/a7/20/9a/781e85480cf837182bf87beaad653a2f.jpg
275422569,https://salt.tikicdn.com/cache/280x280/ts/product/61/71/ae/f809db0e36fc298f1f5835a05a1a5566.png
275224128,https://salt.tikicdn.com/cache/280x280/ts/product/46/27/90/1002ad3e44d7ed0739ec0020ff02f5f3.png
274957619,https://salt.tikicdn.com/cache/280x280/ts/product/0d/8e/e8/4778429f952bc242c294e675e6c09c1e.jpg
274703423,https://salt.tikicdn.com/cache/280x280/ts/product/64/3a/6d/9da6d5bb7ca24457def479deb0f2dfcb.jpg
273714788,https://salt.tikicdn.com/cache/280x280/ts/product/14/75/09/5e31e6377de14dc5b7bd7814227b17e4.jpg
272484839,https://salt.tikicdn.com/cache/280x280/ts/product/84/cb/06/8a1b16e5ed848dc55f3c9f1d940f8b5c.jpg
263246767,https://salt.tikicdn.com/cache/280x280/ts/product/30/23/08/8fc1d8777536900642c2097850395818.jpg
263239689,https://salt.tikicdn.com/cache/280x280/ts/product/c2/be/e2/1f7049adc5223a725191b54ac85937f3.jpg
221512663,https://salt.tikicdn.com/cache/280x280/ts/product/10/76/6d/d83cf91145042c355e418a89c6baedd9.jpg
213518934,https://salt.tikicdn.com/cache/280x280/ts/product/17/66/cb/e47b952c89ba4f6c8dc651e213a38625.jpg
206314531,https://salt.tikicdn.com/cache/280x280/ts/product/69/6c/03/fa69934196ca4a682269ba99bd929799.png
196563202,https://salt.tikicdn.com/cache/280x280/ts/product/d1/22/5b/b7a9020a7010a39482704482b0108a1a.png
189208326,https://salt.tikicdn.com/cache/280x280/ts/product/c5/c6/f4/1b63403421a828d17291682d2e9d67b5.jpg
183029245,https://salt.tikicdn.com/cache/280x280/ts/product/34/66/43/595c49f4abac4d31d6d9c1fdfae99ce0.png
180999617,https://salt.tikicdn.com/cache/280x280/ts/product/dd/b0/bc/3abbcbf306922fc74d553e3f9e5b6d1b.jpg
180580811,https://salt.tikicdn.com/cache/280x280/ts/product/8a/49/54/b8476032fb5ca011e78398ac0c78fa5f.png
174236741,https://salt.tikicdn.com/cache/280x280/media/catalog/producttmp/4c/9b/06/5e979cea7ed90854fda1bb99bd9959ff.jpg
173820044,https://salt.tikicdn.com/cache/280x280/ts/product/c8/da/0b/79fe1b1cddc215c95cbf0cb2ec78309c.jpg
169650796,https://salt.tikicdn.com/cache/280x280/ts/product/04/04/92/8ba35040fd8de191b218e9ad50f3abc8.jpg
164479566,https://salt.tikicdn.com/cache/280x280/ts/product/e2/1f/ee/81b481272cd70710a014cbc9296c6290.png
97094850,https://salt.tikicdn.com/cache/280x280/ts/product/cf/39/af/e8f0b441ce810eeece8b010db5db153b.jpg
89774434,https://salt.tikicdn.com/cache/280x280/ts/product/60/e3/23/0453600a5360c45b7bfe81de9a4d9046.jpg
75340681,https://salt.tikicdn.com/cache/280x280/ts/product/e2/93/8c/6c36f149eec4f334f5b0738fbccc7cf8.jpg
74307767,https://salt.tikicdn.com/cache/280x280/media/catalog/producttmp/d8/3f/7d/848f77cdde3578b5017b15de4e1cf345.jpg
69929041,https://salt.tikicdn.com/cache/280x280/ts/product/f7/5e/b6/86b5c9392043601a8ebe95cb5533c944.jpg
69193092,https://salt.tikicdn.com/cache/280x280/ts/product/2f/86/e7/ae3caeb285d27145f8f866148a45f0d0.jpg
54122078,https://salt.tikicdn.com/cache/280x280/ts/product/fd/f5/1a/0c1a79d2491f42314c6aa9a54780d4c4.jpg
54087933,https://salt.tikicdn.com/cache/280x280/ts/product/f1/3a/93/bca7055ca2d417782aa01c7e7e4adaea.jpg
19638219,https://salt.tikicdn.com/cache/280x280/ts/product/00/39/b0/f37b9dd9a5fd9b3a37761e154039eac2.jpg
3906915,https://salt.tikicdn.com/cache/280x280/ts/product/5e/cf/59/63c8189811510b8e905029811ef1302d.jpg
558335,https://salt.tikicdn.com/cache/280x280/media/catalog/product/m/p/mp-155_1.u2566.d20161115.t113741.198635.jpg
277923199,https://salt.tikicdn.com/cache/280x280/ts/product/f4/f4/cb/5b867c010823192e0be0540450b7d4ad.jpg
276965213,https://salt.tikicdn.com/cache/280x280/ts/product/39/82/16/81f106ee9043f671d24e82f0293f8890.jpg
276950177,https://salt.tikicdn.com/cache/280x280/ts/product/06/30/bd/6a9db0411dd77caf4cbdbec398de0720.png
276155757,https://salt.tikicdn.com/cache/280x280/ts/product/9e/a9/15/12bb88c0bcb457453d5887e2099387f6.jpg
276025157,https://salt.tikicdn.com/cache/280x280/ts/product/6f/71/ca/934e586a107e0bc9149089eca87b48d1.jpg
276025122,https://salt.tikicdn.com/cache/280x280/ts/product/89/56/df/932e85ad81f59f8b4d60d46cdc864f49.jpg
275524596,https://salt.tikicdn.com/cache/280x280/ts/product/3a/02/15/b7d5f64c9f5148671e35a6f313387911.jpg
275428359,https://salt.tikicdn.com/cache/280x280/ts/product/7c/66/70/9b3bd2059a00cdc3195209616d3c4a4b.jpg
275378686,https://salt.tikicdn.com/cache/280x280/ts/product/d0/85/9f/d7b66847c9cf4b8bb984386df18c1fb2.jpg
275349409,https://salt.tikicdn.com/cache/280x280/ts/product/39/e0/b0/deb761ca35498e772ed6d98224677dd6.jpg
275261014,https://salt.tikicdn.com/cache/280x280/ts/product/71/a3/ca/e1c0aed61cacd17c68e9c0966416f617.jpg
275198071,https://salt.tikicdn.com/cache/280x280/ts/product/2e/ce/64/6e1062089ed378e7a2d3b56683d40cc4.png
275073568,https://salt.tikicdn.com/cache/280x280/ts/product/3b/27/22/401e0fd2b3a49860b6922bd8164ec96b.jpg
274974855,https://salt.tikicdn.com/cache/280x280/ts/product/f2/cd/bb/ff97e75b7345f19048f252c30250c239.jpg
274597128,https://salt.tikicdn.com/cache/280x280/ts/product/5a/11/b2/8c4f832d12c1ec8c4f4fdc2057c48150.jpg
274443339,https://salt.tikicdn.com/cache/280x280/ts/product/92/73/3a/bcf7c34bc654c16e62db7c86882d9d0b.jpg
273901995,https://salt.tikicdn.com/cache/280x280/ts/product/9e/99/31/40af3b40e563b5b0b3dbe16123cfee3e.png
272671450,https://salt.tikicdn.com/cache/280x280/ts/product/f0/60/4c/fa0ba06abb87343930c489affc36ff62.png
272318899,https://salt.tikicdn.com/cache/280x280/ts/product/16/54/81/79fd93966e135629c7f9c1ae4659926f.png
262362970,https://salt.tikicdn.com/cache/280x280/ts/product/54/04/03/8fe69f6e37c5a9ee35f11eaf87f32648.jpg
260040913,https://salt.tikicdn.com/cache/280x280/ts/product/66/81/6e/ccdc72c22ba82b2e38e6f06269a2ab87.jpg
246167977,https://salt.tikicdn.com/cache/280x280/ts/product/4b/0f/5b/5c567a947917c49978b0b760d7aece0a.jpg
204986883,https://salt.tikicdn.com/cache/280x280/ts/product/80/35/89/ee170e6fac589c94f2b408cc9dd4996b.png
197633617,https://salt.tikicdn.com/cache/280x280/ts/product/65/8c/90/b5b7153c9af69320d66ccc7379953bf7.png
197157654,https://salt.tikicdn.com/cache/280x280/ts/product/40/9c/3c/5fd2f6623b38c5f213ede650de0b70f3.png
195852183,https://salt.tikicdn.com/cache/280x280/media/catalog/producttmp/d5/c3/3d/fb059019b4b61d7d36cd3e81835eeb1b.jpg
191918105,https://salt.tikicdn.com/cache/280x280/ts/product/c6/56/8e/0784d554e8f0a71083d7c8dba47f4d63.jpg
184591044,https://salt.tikicdn.com/cache/280x280/ts/product/76/86/72/57ae11db63ba2da2222613a86b17ebc3.jpg
152446763,https://salt.tikicdn.com/cache/280x280/ts/product/7a/71/62/033c42c30a9e747f477b9c377ca001a5.jpg
141349418,https://salt.tikicdn.com/cache/280x280/ts/product/10/8f/4e/83503f469e20fd0ed5e4c2c8efdbf9fd.jpg
109090764,https://salt.tikicdn.com/cache/280x280/ts/product/12/35/a4/3486c1d3f0585b9ebfa838085c6edb2f.jpg
102050886,https://salt.tikicdn.com/cache/280x280/ts/product/49/55/94/c10449ca9280a550c307440d0a1732bd.jpg
74858773,https://salt.tikicdn.com/cache/280x280/ts/product/e4/d4/8a/3a4a4c2bd335c960f5c5e0e4d02b1a80.png
71206737,https://salt.tikicdn.com/cache/280x280/ts/product/ae/ee/9f/45987fd1536453b2d2c15e5bc22234b2.jpg
58448882,https://salt.tikicdn.com/cache/280x280/ts/product/21/38/ab/ac8e85d0d1654f1f299f0a67f4cf9fe8.jpg
45597601,https://salt.tikicdn.com/cache/280x280/ts/product/06/3a/5b/60eaf779095bc65beab9ec4d5b17c0f1.jpg
32926026,https://salt.tikicdn.com/cache/280x280/ts/product/67/a1/3c/88d863114945ea9354f59a93ade98f62.png
20580153,https://salt.tikicdn.com/cache/280x280/ts/product/e8/4e/da/99ec8cbff7c05c51ab6694c4359741dd.jpg
19719366,https://salt.tikicdn.com/cache/280x280/ts/product/05/f1/14/6db8d6454ccc30ebce36002085c2fef6.jpg
10768545,https://salt.tikicdn.com/cache/280x280/ts/product/39/6b/13/e833ac371c65b255d2630c2bf4beccbd.png
277533982,https://salt.tikicdn.com/cache/280x280/ts/product/2e/11/a1/14037c7a6109f000b114a1deee14c936.jpg
277514599,https://salt.tikicdn.com/cache/280x280/ts/product/bc/54/36/2449ad523c7f023ada930dff10cf3a98.jpg
277438760,https://salt.tikicdn.com/cache/280x280/ts/product/30/97/88/afcdf73ccd6278cb6d1b2fbd2b46bc1b.jpg
277436162,https://salt.tikicdn.com/cache/280x280/ts/product/e2/19/f0/817c8b3cb11a3ddb777cdcae4d58bd1e.jpg
276860431,https://salt.tikicdn.com/cache/280x280/ts/product/1d/66/d2/3c006b469965e7de389e292af3bb55eb.png
276546960,https://salt.tikicdn.com/cache/280x280/ts/product/83/01/21/5d6e02efdb26143fcac0535c88c9a2e8.jpg
276409126,https://salt.tikicdn.com/cache/280x280/ts/product/12/5d/ef/9fe9615856c2de231928214b9c55cd58.png
276137468,https://salt.tikicdn.com/cache/280x280/ts/product/71/f4/dc/cb64228a0d4baf78b33ff82dd541dbc4.png
275627325,https://salt.tikicdn.com/cache/280x280/ts/product/97/a8/d1/7b923e583774edd1cb8bcf522d6795ae.jpg
275587830,https://salt.tikicdn.com/cache/280x280/ts/product/e7/e4/28/a36540ccb1e7361bd0cc39f3451079d7.png
275479540,https://salt.tikicdn.com/cache/280x280/ts/product/e3/25/ba/51bf5273c1573d4611d776de8aed95e7.jpg
275220519,https://salt.tikicdn.com/cache/280x280/ts/product/b7/52/63/892a8c946487d1abc7a3f1ab78715120.jpg
274319099,https://salt.tikicdn.com/cache/280x280/ts/product/a5/d8/df/48bf7bbb5edb8ba6beccf6a6a9e5bfd7.jpg
272047595,https://salt.tikicdn.com/cache/280x280/ts/product/3e/8f/4f/8f5ef760f14f92dfe0dbfece939a9732.JPG
263077904,https://salt.tikicdn.com/cache/280x280/ts/product/46/20/c2/972422bc1a45fd0668514ce04baee5e2.jpg
263033058,https://salt.tikicdn.com/cache/280x280/ts/product/d7/32/a5/9631498c3de0e9ab6d71260cfd20c791.jpg
247655560,https://salt.tikicdn.com/cache/280x280/ts/product/de/74/ed/4e9c6d8e75ab5c5d548345d32a061af7.png
246769997,https://salt.tikicdn.com/cache/280x280/ts/product/d3/f1/98/aa5087522142d2631095f22e30ded7ad.jpg
242497792,https://salt.tikicdn.com/cache/280x280/ts/product/2c/d3/c6/182cc185ed565fde0e6c5e97fef4113f.jpg
208324553,https://salt.tikicdn.com/cache/280x280/ts/product/a6/9f/42/3c9dcdd6ad857747cd8a0c63dacc22d8.png
197650456,https://salt.tikicdn.com/cache/280x280/ts/product/d3/55/0d/075bc2330f2b0f76a50710415f276ac1.jpg
196568810,https://salt.tikicdn.com/cache/280x280/ts/product/7a/87/f0/0fa5ab4bdb0c23ac4898dea9cb26c362.jpg
186202625,https://salt.tikicdn.com/cache/280x280/ts/product/bf/46/f1/f6b713c2eba7d300557485f727c281ee.jpg
176251088,https://salt.tikicdn.com/cache/280x280/ts/product/a4/64/eb/9a96062e2421d0be37803e367c553f6c.png
155022095,https://salt.tikicdn.com/cache/280x280/ts/product/7f/7c/05/c1da19c32df49ee2c1341fd1925063f2.jpeg
144549662,https://salt.tikicdn.com/cache/280x280/ts/product/29/13/65/9cf58a6a2383e415e997cca772f1ecc8.jpg
144521010,https://salt.tikicdn.com/cache/280x280/ts/product/1f/c5/3e/5c321f333c380f6efc511f9b189f2c5b.jpg
138461137,https://salt.tikicdn.com/cache/280x280/ts/product/5c/e8/b7/21334de31bcd418b924d32912ea0231b.jpg
134863256,https://salt.tikicdn.com/cache/280x280/ts/product/10/06/55/f16aa941a4654730ea4b1c91fed0b802.png
116726951,https://salt.tikicdn.com/cache/280x280/ts/product/fb/b0/d2/2f6c36d73a4ea722f85b1fe19d4e40ab.jpg
115013188,https://salt.tikicdn.com/cache/280x280/ts/product/cb/45/cf/6e6e141658f007c6fe5c46247e94806e.jpg
108856769,https://salt.tikicdn.com/cache/280x280/ts/product/db/c7/07/6a150569a320a5eccbc260e7a19fcb1e.jpg
67425883,https://salt.tikicdn.com/cache/280x280/ts/product/37/76/b1/037675ef7695fac50f5a22c3de6c5a9b.jpg
57999394,https://salt.tikicdn.com/cache/280x280/ts/product/47/44/55/3a8c3927d7396f870fe3b0cc96bcb2ac.jpg
46289932,https://salt.tikicdn.com/cache/280x280/ts/product/6f/1d/15/c3199a7620e6ee8f23ceef95c5db3cd6.jpg
43768069,https://salt.tikicdn.com/cache/280x280/ts/product/32/ec/06/d2da212052140bd152a37b729c384806.jpg
35919877,https://salt.tikicdn.com/cache/280x280/ts/product/57/75/6e/ed315474b697917e932a51c8b49909ae.jpg
26350629,https://salt.tikicdn.com/cache/280x280/ts/product/14/a4/b3/a1f8bbf245be6d0f735e58082cd3e418.JPG
22081865,https://salt.tikicdn.com/cache/280x280/ts/product/20/a5/ae/4ff76bc6dbc07c2ab7bb7923fb570ead.jpg
696349,https://salt.tikicdn.com/cache/280x280/ts/product/7d/d3/e4/d61d90a2a0431572c46f58758ec5d2eb.jpg
