id,title,time,content,images,url
4887733,"Tình yêu của cô gái cao 2,2 mét","Thứ hai, 19/5/2025, 13:45 (GMT+7)","Câu chuyện tình yêu của họ thu hút sự chú ý của cộng đồng mạng Trung Quốc sau khi Xiaoyue thông báo mang thai vào đầu tháng 5.
Zihao, bạn trai cô, cho biết cả hai dự định đăng ký kết hôn vào tháng 6, chưa tính tổ chức lễ cưới. ""Cô ấy nói lễ cưới không quan trọng, không tổ chức cũng không sao"", Zihao chia sẻ.
Xiaoyue và bạn trai. Ảnh:163.com
Hai người quen nhau ba năm trước. Một lần Xiaoyue đang livestream, Zihao để lại bình luận. Họ chú ý đến nhau và bắt đầu hẹn hò sau đó không lâu.
Ngay từ khi mới yêu nhau Xiaoyue đã phải đối mặt với sự hoài nghi. Hầu hết những người quen biết đều nói cô và bạn trai ""không hợp nhau"".
Sự chênh lệch chiều cao đáng kể cũng khiến gia đình Zihao phản đối. Chàng trai cao 1,68 m. ""Những người lớn trong nhà không đồng tình vì chiều cao của tôi không tương xứng với bạn gái. Nhưng chúng tôi yêu nhau"", anh nói.
Cả hai khẳng định chiều cao không phải trở ngại lớn trong cuộc sống hàng ngày. ""Chúng tôi sẽ cùng nuôi dạy con cái"", Zihao nói.
Xiaoyue cho biết rất lo lắng khi sắp gặp bố mẹ bạn trai lần đầu. ""Tôi biết họ không thích tôi, nhưng tôi sẽ cố gắng"", cô nói.
Cô cho biết mình mồ côi cha mẹ từ nhỏ, lớn lên bằng tình yêu và sự chăm sóc của ông bà. Chưa từng cảm nhận tình yêu của cha mẹ nên Xiaoyue mong muốn mang lại tình yêu thương trọn vẹn cho con.
Theo bác sĩ, thai nhi phát triển bình thường. Tương lai, em bé này cũng có khả năng có chiều cao vượt trội.
Nhật Minh(Theo163.com)",['https://iv1.vnecdn.net/giadinh/images/web/2025/05/19/chuyen-tinh-gay-sot-cua-chang-trai-168-met-va-co-gai-22-met-1747627131.jpg?w=0&h=0&q=100&dpr=1&fit=crop&s=L9ncObJ-Xy9TFZh8dgaqjA'],https://vnexpress.net/tinh-yeu-cua-co-gai-cao-2-2-met-4887733.html
4888303,Cơ hội trúng 'lon vàng' 50 triệu đồng từ Tiger Beer,"Thứ ba, 20/5/2025, 20:00 (GMT+7)","Chương trình diễn ra từ ngày 15/5 đến hết ngày 13/8, áp dụng cho các sản phẩm Tiger Coolpack, bao gồm Tiger lon 250ml và Tiger Crystal lon 250ml, được phân phối tại hệ thống bán lẻ truyền thống và hiện đại trên 51 tỉnh, thành thuộc các khu vực miền Bắc, miền Trung, TP HCM, miền Đông Nam Bộ và đồng bằng sông Cửu Long. Khi bật nắp các lon bia thuộc phiên bản khuyến mại, người tiêu dùng sẽ có cơ hội tìm thấy giải thưởng ngay dưới nắp lon.
Tiger Coolpack đồng hành cùng những khoảnh khắc gắn kết của người tiêu dùng. Ảnh:Tiger Beer
Cơ cấu giải thưởng của chương trình bao gồm 100 giải nhất là ""lon Tiger vàng"", mỗi giải trị giá 50 triệu đồng tiền mặt; 2.000 giải nhì trị giá 5 triệu đồng tiền mặt mỗi giải; cùng hàng triệu giải thưởng trị giá 20.000 đồng tiền mặt. Tất cả sản phẩm áp dụng đều là phiên bản lon giới hạn với thiết kế riêng biệt, nhưng vẫn giữ nguyên chất lượng bia Tiger được yêu thích trên toàn cầu.
Chia sẻ về chương trình, bà Huỳnh Phương Thảo - Giám đốc Tiếp thị Nhãn hiệu Tiger tại Việt Nam cho biết: ""Chúng tôi hy vọng khi mỗi lon Tiger được bật nắp, đó không chỉ là giây phút sảng khoái mà còn là dịp sẻ chia và kết nối cùng những người thân yêu"". Theo bà, chương trình là một hoạt động tri ân khách hàng đồng thời là lời mời gọi người tiêu dùng cùng tận hưởng một mùa hè sảng khoái với Tiger Beer.
Chưa đầy một tuần, chương trình ""Bật lon Coolpack - săn Tiger vàng"" đã tìm được những người chiến thắng đầu tiên với 2 giải nhất cùng 28 giải nhì.
Để nhận giải, khách hàng trúng giải nhất và giải nhì liên hệ trực tiếp số điện thoại của nhãn hàng để được hướng dẫn thủ tục nhận thưởng. Đối với giải thưởng tiền mặt 20.000 đồng, khách hàng có thể đổi thưởng tại các điểm đổi quà có treo băng rôn nhận diện chương trình. Thời hạn cuối cùng để đổi giải là ngày 13/8.
Bên cạnh hoạt động khuyến mại, trong khuôn khổ chiến dịch hè năm nay, Tiger Beer còn tổ chức chuỗi sự kiện sôi động nhằm khuấy động không khí mùa hè và lan tỏa tinh thần ""bật tung sảng khoái"" đến đông đảo người tiêu dùng trên khắp cả nước. Điểm nhấn của chuỗi sự kiện là đại nhạc hội EDM Tiger Crystal Rave cùng các hoạt động tương tác, kích hoạt thương hiệu tại điểm bán.
Diệp Chi
Thông tin chi tiết về chương trình và các hoạt động đi kèm được cập nhật thường xuyên trênwebsitevàfanpage chính thứccủa Tiger Beer.Liên hệ nhận thưởng giải nhất và giải nhì: hotline 19001845 hoặc 028.62789007",['https://i1-giadinh.vnecdn.net/2025/05/20/1-1747724242-2403-1747725014.png?w=0&h=0&q=100&dpr=1&fit=crop&s=arYv6znjIiHy49Kt5mBIUQ'],https://vnexpress.net/co-hoi-trung-lon-vang-50-trieu-dong-tu-tiger-beer-4888303.html
4887283,Cô gái Mỹ nổi tiếng vì 'nấu món Việt giỏi hơn người Việt',"Thứ tư, 21/5/2025, 11:37 (GMT+7)","Cô gái 24 tuổi tắt bếp và hoàn thiện tô bún mọc bằng hành ngò thái nhỏ. Cuối cùng, Logan mở tủ lạnh lấy lọ ớt tỏi ngâm giấm, gắp từng lát cho vào chén nhỏ để bên cạnh. ""Vài lát tỏi ớt ngâm sẽ làm bùng vị của các món nước"", cô nói khi kết thúc video nấu món bún mọc ""chuẩn vị Bắc"".
Trên TikTok, mỗi video Logan nấu các món Việt như thịt kho trứng, bún chả, bánh cuốn, bò kho... thu hút trung bình 500.000 đến hai triệu lượt xem, được hàng chục diễn đàn mạng chia sẻ lại. Trong nửa năm, kênh của cô có thêm 54.000 người theo dõi và hơn một triệu lượt tương tác.
Hàng nghìn bình luận, trong đó có nhiều người Việt, bày tỏ bất ngờ trước kỹ năng và sự thành thạo với món ăn Việt của cô, ví dụ cho nước nóng vào cá kho hoặc thêm bia vào bột bánh xèo để giòn hơn.
""Cô ấy là người Việt, còn tôi thấy mình như người nước ngoài"", một tài khoản viết, nhận hơn 3.000 lượt thích. Nhiều người từ Anh, Pháp và châu Phi cũng vào bình luận, tò mò về công thức nấu món Việt.
Logan và bạn trai người Việt Nam ở Hà Nội. Ảnh:Nhân vật cung cấp
Logan lớn lên trong gia đình người Mỹ gốc Phi và Mexico ở bang Illinois. Cuối năm 2020, cô sinh viên ngành phân tích dữ liệu chuyển đến TP Seattle và gặp Giang, 25 tuổi, du học sinh quê Hà Nội.
Khi bắt đầu yêu nhau, họ thường hẹn hò ở những nhà hàng Việt, nơi Logan lần đầu nếm thử bánh mì. ""Tôi bị món ăn này chinh phục hoàn toàn"", Logan nhớ lại. Cô thích lớp vỏ giòn, nóng cùng lớp pate mềm béo bên trong. Sau đó, cô thử thêm bún riêu, phở, bún chả. Dù cô thấy ngon nhưng bạn trai nói một số nhà hàng ở Seattle nấu món ăn không chuẩn vị Việt.
Khái niệm ẩm thực châu Á đầu tiên của Logan là khi làm thêm ở nhà hàng Thái. Nhưng cô có bạn thân người Việt hồi cấp 3 và một cặp vợ chồng Việt thường xuyên đến nhà hàng. Họ hay nói về phở và niềm tự hào ẩm thực Việt.
Logan thử nấu món Việt đầu tiên vào năm 2021, lúc cả hai bị mắc kẹt vì Covid-19 và chuyển từ Seattle sang Chicago. Họ cùng nhau làm trứng, rau luộc, chấm nước mắm và bánh cuốn. Không có nồi hấp, cô phải làm bánh cuốn trong chảo. Nhiều mẻ bánh thất bại bởi không thể lật, khi thì vỏ bánh quá dày, thiếu dầu.
Giữa năm 2022, khi lần đầu đến Việt Nam du lịch, Logan như nhìn thấy một chân trời mới về món Việt. Các món Logan ăn ở vỉa hè Hà Nội rất khác ở Mỹ. Cô bắt đầu phân biệt được phở Bắc với nước dùng ngọt thanh, kèm quẩy trong khi phở Nam có vị đậm đà, thường dùng tương đen hoặc ớt tươi.
Trong một tháng, cô nhờ bố của bạn trai dạy làm pate bánh mì trong khi mẹ anh hướng dẫn cô từng chi tiết nhỏ như băm tỏi và hành tím. Logan nhận ra linh hồn của món Việt là nước mắm, thứ kết nối làm nước dùng đậm vị, hài hòa. Khi trở về Mỹ, vali của Logan chất đầy gia vị bò kho, bột ngọt, nấm hương khô và xì dầu.
Kể từ đó, khoảng một nửa số bữa ăn trong tuần của Logan là món Việt. Cô thích nhất là thịt kho trứng, món mà Giang nhờ mẹ nấu cho người yêu. Cô đọc thêm công thức trên mạng xã hội để tự làm nước màu từ đường và dầu.
""Tôi cảm thấy tự hào khi mẻ nước hàng (nước màu) đầu tiên không bị cháy"", cô nói. Logan tự ngâm chua cà rốt và củ cải trắng để món ăn không bị ngấy.
Logan nói món ăn châu Á thường tỉ mỉ, gia vị, nguyên liệu chiếm tỷ lệ lớn trong việc thành công của món ăn. Đó là lý do cô sẵn sàng đi lùng khắp thành phố Chicago để tìm gói bột chuối chiên hoặc con vịt tươi để nấu súp.
""Tôi cố gắng nấu đúng hương vị để thể hiện sự tôn trọng với món ăn"", cô nói. Cuối năm 2023, Logan đến Việt Nam ba tháng và thử hầu hết các món Việt.
Trước ngày đến Hà Nội, cô nhắn mẹ Giang rằng muốn ăn bún riêu cua, bà liền đặt hộp cua tươi từ Hội An. Nhưng khi vào bếp, cô hét toáng khi những con cua còn cử động, không như ở quê nhà, các thịt, cá thường đã được làm sạch và đóng hộp. Nhưng vài tuần sau, cô đã biết cách sơ chế hầu hết các loại thịt.
Về Mỹ, Logan tự thấy trình độ nấu ăn của mình đã ""lên level mới"", cô không phụ thuộc gói gia vị. Vài lần, cô thất vọng bởi món bún riêu không đủ chua, không chả, cua mà chỉ có thịt heo.
Đây là món khó nhất mà cô thử làm ở nhà, mất hơn ba giờ. Logan hì hục sơ chế hơn chục loại nguyên liệu rồi thái rau, rán đậu, riêng riêu cua được trộn từ hỗn hợp thịt băm và cua xay. Riêng nước dùng, cô phải nêm nếm lại nhiều lần và nhờ bạn trai thử giúp.
""Anh ấy đã rất ngạc nhiên trước bát bún chuẩn vị Bắc"", Logan nói.
Khi các video nấu ăn của cô gái Mỹ thu hút hàng triệu lượt xem, bạn bè ở trường và công ty hay nhắn tin cho họ, hỏi về các món Việt. Nhiều món cầu kỳ như bánh xèo, bún thang, cũng nhận được sự quan tâm lớn. Đa số, Logan học công thức trên mạng xã hội hoặc nhắn tin nhờ bố mẹ Giang hướng dẫn.
Bà Ngọc Hân, 53 tuổi, mẹ ruột Giang, đã ngạc nhiên trước sự tiến bộ này. Logan về thăm gia đình bà vào dịp Tết nên họ đã hướng dẫn cô các món nem rán, bánh chưng và nấu miến, phở để ăn sáng. ""Con bé chủ động, khéo léo và có động lực lớn để hòa nhập văn hóa Việt"", bà nhận xét.
Có lần, bà bất ngờ khi Logan tự học công thức trên mạng và nấu thành công món bò kho, cách ép bún để ăn cùng đậu rán, mắm tôm. Đây là những thứ bà chưa từng hướng dẫn. Ngoài ra, Giang cũng thường xuyên khen ngợi và động viên, giúp bạn gái học rất nhanh. ""Tôi không tưởng tượng nổi món trứng mà ăn với mắm tôm, nhưng thấy bạn ấy làm tôi cũng phải khen"", bà nói.
Hiện, Logan đã nấu được hơn 30 món Việt và danh sách sắp tới gồm nem chua, bún thang, mì Quảng. ""Tôi nghĩ mình có thể làm mọi thứ, chỉ cần tìm được nguyên liệu và công thức"", Logan nói. ""Ẩm thực Việt xứng đáng được nhiều người biết đến hơn"".
Video Logan nấu món bún mọc.
Ngọc Ngân",['https://iv1.vnecdn.net/giadinh/images/web/2025/05/20/co-gai-my-noi-tieng-nho-mon-viet-1747749986.jpg?w=0&h=0&q=100&dpr=1&fit=crop&s=H4rzDqoctu_z3lTQiuyoeA'],https://vnexpress.net/co-gai-my-noi-tieng-vi-nau-mon-viet-gioi-hon-nguoi-viet-4887283.html#box_comment_vne
4884102,Chạy trốn phố thị Nhật về Việt Nam sống 'thuận tự nhiên',"Thứ bảy, 17/5/2025, 06:31 (GMT+7)","""Chúng tôi muốn quay về sống cho hiện tại"", Quang, 35 tuổi, quê Bắc Giang nói.
Năm 2020, Nguyễn Đức Quang sang Nhật làm việc theo diện kỹ sư. Cũng như nhiều người trẻ khác, anh làm việc 14 tiếng mỗi ngày, mơ ước kiếm thật nhiều tiền để chứng minh mình thành đạt.
Hai năm sau, anh đón vợ sang. Minh Huyền làm trong ngành thiết kế thời trang, mang theo kỳ vọng xây dựng thương hiệu cá nhân, học thêm ngoại ngữ và tích lũy trải nghiệm sống.
Nhưng thực tế khiến họ vỡ mộng.
Cuộc sống của vợ chồng anh Đức Quang tại Nhật Bản, năm 2024.Ảnh nhân vật cung cấp
Làm việc quá sức và thiếu ngủ khiến Quang sút 5 kg trong một tháng, đau tức ngực. Anh được chẩn đoán rối loạn tuyến giáp do căng thẳng kéo dài. Trong khi đó vợ anh chỉ được làm việc bán thời gian, sống những ngày mùa đông lạnh buốt trong cảm giác tù túng, cô đơn và vô nghĩa. Có hôm Quang về nhà, thấy vợ ngồi trong góc nhà, nước mắt giàn giụa.
""Thành công chưa thấy đâu, chỉ thấy cả hai ngày càng kiệt quệ"", anh nói.
Quang quyết định dừng làm thêm, đi học về lập trình và tìm mua nhà tại Nhật để chuyển hướng. Anh cũng khuyên vợ nên thay đổi môi trường. Hiền về nước, tham gia một chương trình tình nguyện tại làng nông nghiệp ở Phú Yên. Một tháng sống giữa thiên nhiên, hạn chế mạng xã hội, ăn uống đơn giản, thiền và tập yoga giúp cô dần tách khỏi áp lực và tìm lại chính mình.
""Ở đó mọi người sống bằng lao động chân tay, đạm bạc, không tiện nghi nhưng ai cũng thanh thản"", cô kể.
Khi trở lại Nhật, Hiền thay đổi hoàn toàn. Trước đây cô rất dễ cáu kỉnh, giờ luôn vui vẻ, dễ chấp nhận. ""Em nhận ra hạnh phúc không đến từ việc có nhiều tiền hay làm điều to tát, mà từ sự bình yên trong tâm hồn"", cô nói với chồng.
Cả hai nghĩ nhiều hơn đến mục đích sống.
Họ giảm bớt công việc, dành nhiều thời gian khám phá thiên nhiên Nhật Bản và lên kế hoạch tích lũy để ""bỏ phố về quê"".
Cuối năm 2024, vợ chồng Quang về nước với số vốn khoảng một tỷ đồng. Khi biết tin con muốn đến sống ở Phú Yên, bố mẹ anh phản đối kịch liệt. Ông bà thuyết phục anh bằng lời hứa sẽ cho 4 tỷ đồng, mua nhà, tặng xe, miễn là sống gần gia đình. Nhưng vợ chồng Quang vẫn từ chối.
""Chúng tôi muốn tự tạo ra hạnh phúc, không sống dựa vào ai"", Quang nói.
Họ dùng 500 triệu mua đất, dự kiến 200 triệu xây nhà, 100 triệu chi cho sinh hoạt năm đầu tiên, phần còn lại dành đầu tư. Trong thời gian chờ xây nhà, cả gia đình sống tại một homestay ở thị xã Đông Hòa, cách mảnh đất mới mua 33 km. Đi cùng họ có mẹ vợ và cháu trai.
Mỗi ngày, gia đình ăn chay bằng rau củ tự trồng, mặc lại quần áo cũ, đi chân trần trên cát biển Phú Yên. Hiền đang mang bầu tháng cuối nên Quang và mẹ vợ đảm nhận việc làm vườn.
Dù chưa từng cầm cuốc xẻng, anh háo hức với từng trải nghiệm mới. ""Với tôi, mỗi ngày đều như một chuyến du lịch, dù chỉ đi quanh quẩn vài trăm mét"", anh nói.
Không còn lạ lẫm với nghề nông, nhưng bà Nguyễn Thị Chín, 65 tuổi, mẹ Hiền, bất ngờ vì không khí trong lành và lối sống chậm rãi của người dân Phú Yên. Những dòng sông, con suối ở đây đều trong vắt. Hàng xóm gần homestay hôm nào không thấy bà cũng hỏi thăm con rể, con gái. Họ sẵn sàng giúp đỡ khi bà nhờ vả. Đến chợ, bà thấy dễ chịu vì người bán không chào mời đon đả, mua hay ngắm hàng đều vui vẻ.
'Cuộc sống ở đây như quê tôi 60 năm trước'', bà nói.
Ban đầu, biết các con từ bỏ công việc ở Nhật Bản về Phú Yên sống bà cũng hụt hẫng. ''Nhưng tôi tôn trọng lựa chọn của con, vui khi các con không còn áp lực và căng thẳng'', người mẹ nói.
Vợ chồng anh Quang và mẹ vợ trải nghiệm cuộc sống ở Phú Yên, đầu năm 2025.Ảnh nhân vật cung cấp
Không chỉ sức khỏe tinh thần, về Phú Yên, Quang thấy hết đau cơ, không còn lạnh bụng mãn tính – những căn bệnh ám ảnh suốt 10 năm qua.
Tuy vậy, chuyển từ một thành phố Nhật Bản về vùng quê Việt không dễ. Những ngày đầu, họ choáng váng vì rác ngập lối đi, không gian công cộng ít ỏi. Ở Nhật, vài trăm mét là một công viên sạch sẽ, còn ở quê, họ phải đi cả chục km mới tìm được một nơi tương tự. Phòng trọ thuê nằm cạnh xưởng đá ồn ào, đêm đêm lại thêm tiếng karaoke.
""Người Nhật tôn trọng không gian riêng, còn ở đây, mọi thứ ồn ào không ngờ"", Quang chia sẻ. Nhưng rồi cả hai học cách thích nghi vì hiểu không thể thay đổi cộng đồng, chỉ có thể thay đổi cách mình nhìn nhận.
Anh Đức Quang và vợ tận hưởng cuộc sống ở vùng biển Phú Yên, đầu năm 2025.Ảnh nhân vật cung cấp
Dẫu biết hành trình chỉ mới bắt đầu và phía trước còn nhiều thử thách, nhưng cả hai tin chọn đúng đường. ""Từng nghĩ phải có thật nhiều tiền mới tự do. Giờ chúng tôi hiểu, tự do thật sự đến khi mình không còn lệ thuộc vào vật chất"", Quang nói.
Sẵn sàng cho cuộc sống từ bỏ tiện nghi cũng là một trong những yếu tố anh cho là quyết định một người có nên rời phố hay không. Tuy nhiên, điều đó không đồng nghĩa với không tiền bạc. Muốn sống cuộc sống không áp lực tiền bạc quá lớn khi ở quê, anh khuyên cần chuẩn bị tài chính vững vàng và luôn duy trì tinh thần học hỏi.
Ngoài làm vườn, vợ chồng học làm nông nghiệp qua Internet và cả ChatGPT. Anh vẫn tìm cách có thêm thu nhập trang trải cho chi phí tối giản hàng ngày.
Họ dành thời gian thiền định, tập yoga. Vợ chồng anh lập kế hoạch cho một lối sống gần gũi với thiên nhiên, nơi con cái lớn lên không chỉ bằng kiến thức sách vở, mà cả quan sát cuộc sống.
Với Quang và Hiền, đây không chỉ là nơi để sống, mà là bắt đầu một cuộc đời mới – nơi hạnh phúc không đến từ những gì họ có, mà từ cách họ sống.
Anh Quang chia sẻ phản ứng của bố mẹ khi quyết định bỏ Nhật Bản về Phú Yên
Phạm Nga",['https://iv1.vnecdn.net/giadinh/images/web/2025/05/12/vo-chong-viet-chay-tron-pho-thi-nhat-ve-que-1747066571.jpg?w=0&h=0&q=100&dpr=1&fit=crop&s=5gOgshxR0eRjHLa75TBzSA'],https://vnexpress.net/chay-tron-pho-thi-nhat-ve-viet-nam-song-thuan-tu-nhien-4884102.html
